{"Performance Metrics": {"F1 Score": 0.7970041396961586, "Precision": 0.7979949542633715, "Recall": 0.7964837317677892, "Accuracy": 0.795}, "Class Accuracy Metrics": {"Class 0": 0.7561904761904762, "Class 1": 0.7215189873417721, "Class 2": 0.8223552894211577, "Class 3": 0.8137254901960784, "Class 4": 0.9282700421940928, "Class 5": 0.7368421052631579}, "Computational Metrics": {"Inference Time": 4.689529657363892, "Total Parameters": 4015234}, "Complexity Metrics": {"Total Parameters": 4015234, "Accuracy": 0.795}}