{"Performance Metrics": {"F1 Score": 0.9334335417778813, "Precision": 0.9334525425071686, "Recall": 0.9340167689390321, "Accuracy": 0.9323333333333333}, "Class Accuracy Metrics": {"Class 0": 0.9123809523809524, "Class 1": 0.8607594936708861, "Class 2": 0.9461077844311377, "Class 3": 0.9686274509803922, "Class 4": 0.989451476793249, "Class 5": 0.9267734553775744}, "Computational Metrics": {"Inference Time": 5.635664939880371, "Total Parameters": 4015234}, "Complexity Metrics": {"Total Parameters": 4015234, "Accuracy": 0.9323333333333333}}